"step_name","user_count","step_to_step_conversion_pct","overall_conversion_pct"
"1. View Product","1597754","100.00000000000000000000","100.00000000000000000000"
"2. Add to Cart","358026","22.40808034278117908000","22.40808034278117908000"
"3. Purchase","104757","29.25960684419567294000","6.55651620962926708400"
